{
    "bindings": [
        {
            "font": "{a25afe10-5904-4bd0-a1a3-16c82d9a6a09}",
            "language": "{10b89d12-61d3-4ed5-a931-4ff48313c597}",
            "string": "{f6d04b75-63f5-4606-9897-e19cefee14b0}"
        },
        {
            "font": "{f2334898-61cd-48ce-9ff7-3cac76c440f7}",
            "language": "{10b89d12-61d3-4ed5-a931-4ff48313c597}",
            "string": "{38754392-7fa1-4fe1-87a8-06d1981f79d3}"
        }
    ],
    "defaultLanguage": "{10b89d12-61d3-4ed5-a931-4ff48313c597}",
    "encoding": "ASCII",
    "languages": [
        {
            "properties": {
                "__categories": [
                ],
                "__groups": [
                ],
                "enabled": {
                    "enabled": true,
                    "type": "boolean",
                    "value": true,
                    "visible": true
                },
                "id": {
                    "enabled": true,
                    "type": "uuid",
                    "value": "{10b89d12-61d3-4ed5-a931-4ff48313c597}",
                    "visible": true
                },
                "name": {
                    "enabled": true,
                    "type": "text",
                    "value": "Default",
                    "visible": true
                }
            }
        }
    ],
    "paths": [
    ],
    "strings": [
        {
            "properties": {
                "__categories": [
                ],
                "__groups": [
                ],
                "description": {
                    "enabled": true,
                    "type": "text",
                    "value": "001 F",
                    "visible": true
                },
                "id": {
                    "enabled": true,
                    "type": "uuid",
                    "value": "{38754392-7fa1-4fe1-87a8-06d1981f79d3}",
                    "visible": true
                },
                "name": {
                    "enabled": true,
                    "type": "text",
                    "value": "txtString2",
                    "visible": true
                },
                "path": {
                    "enabled": true,
                    "type": "text",
                    "value": "/",
                    "visible": true
                }
            },
            "values": [
                {
                    "language": "{10b89d12-61d3-4ed5-a931-4ff48313c597}",
                    "value": "WBZ451"
                }
            ]
        },
        {
            "properties": {
                "__categories": [
                ],
                "__groups": [
                ],
                "description": {
                    "enabled": true,
                    "type": "text",
                    "value": "000 F",
                    "visible": true
                },
                "id": {
                    "enabled": true,
                    "type": "uuid",
                    "value": "{f6d04b75-63f5-4606-9897-e19cefee14b0}",
                    "visible": true
                },
                "name": {
                    "enabled": true,
                    "type": "text",
                    "value": "txtString1",
                    "visible": true
                },
                "path": {
                    "enabled": true,
                    "type": "text",
                    "value": "/",
                    "visible": true
                }
            },
            "values": [
                {
                    "language": "{10b89d12-61d3-4ed5-a931-4ff48313c597}",
                    "value": "ZIGBEE Demo"
                }
            ]
        }
    ]
}
